е100,куркумин,"Безвредный, разрешен в большинстве стран",Ярко-желтый (в щелочи – красно-бурый),"Кондитерские изделия мясная продукция, сыр, сливочное масло, горчица, карри, ликеры и другой алкоголь","Противораковое, противовоспалительное"
е101,рибофлавин,"Безопасный/полезный, разрешен в большинстве стран",Желтый,"Хлеб, детские каши, сухие завтраки, арахисовое масло","Влияет на усвоение белка. Полезный для щитовидной железы, ногтей, волос, кожи, репродуктивной системы. Участвует в выработке антител и эритроцитов"
е102,тартразин,"Очень опасен, запрещен в Украине",Золотисто-желтый,"Кондитерские изделия и напитки всех оттенков желтого, горчица, йогурты, супы, консервированные фрукты и овощи","Вызывает аллергическую сыпь, гиперактивность и нарушение внимания у детей, головные боли, болезни щитовидки"
е103,алканин,"Высокая опасность, запрещен в большинстве стран",От золотистого до темно-красного,"Кондитерские изделия, кремы","Вызывает раздражение слизистых оболочек, канцерогенный"
е104,желтый хинолиновый,"Опасен, запрещен во многих странах Европы, США, Японии,Австралии, Норвегии. В России и Украине разрешен",Желто-зеленый,"Копченая рыба, напитки, цветные драже, леденцы, жевательные резинки","Детская гиперактивность, крапивница, воспаление кожи, удушье у астматиков; не подходит людям с непереносимостью аспирина"
е105,желтый прочный ав,"Высокая, запрещен во многих странах Европы, Украине, России, США. Активно используется в Восточных странах",Желтый,"Кондитерские изделия, некоторые напитки","Действует токсически на организм, вызывает рост злокачественных образований"
е106,рибофлавин-5-фосфат,"Опасен, запрещен в странах Европы, России, США, Канаде",Желтый,Продукты с желтым пигментом,"Вызывает недомогания, аллергии, дисфункцию почек, потерю зрения"
е107,желтый 2g,"Опасен, запрещен в России, Австрии, Швейцарии, Норвегии, Швеции, Японии",Желтый,Продукты желтого цвета,"Аллерген, запрещен астматикам"
е110,желтый «солнечный закат»,"Высокая, запрещен во многих странах Европы, США. В России и Украине разрешен",Ярко-оранжевый,"Сырные соусы, рыбные консервы, сухари, восточные пряности, супы из пакетов, глазурь, мороженое, джем, мармелад, напитки","Аллергии, тошнота, насморк, отек почек, повреждение хромосом, несварение желудка, нарушение концентрации внимания у детей"
е111,оранжевый ggn,"Очень высокая, запрещен в странах ЕС",Краситель оранжевого цвета,"Копченая рыба, супы быстрого приготовления",Очень токсичный
е116,пропиловый эфир,"Запрещен, запрещен в РФ",Консервант,"Кондитерские изделия, мясо",Отравления
е117,натриевая соль,"Запрещен, запрещен в РФ",Консервант,"Кондитерские изделия, мясо",Интоксикация
е120,кармины,"Опасный, разрешен в РФ, Украине, Европе, США","Пурпурно-красный, в кислой среде – оранжевый, в нейтральной – красный","Рыба, мясо, молочная продукция, кондитерские изделия, алкогольные и безалкогольные напитки, колбасы, соусы, кетчупы, глазурь, соки, желе",Вызывает аллергии
е121,цитрусовый красный,"Запрещен, запрещен в России и ряде стран",Темно-красный,"Кожура апельсинов, газировки, мороженое, леденцы",Вызывает рост злокачественных образований
е122,азорубин,"Высокая, запрещен во многих странах","Красный, темно-бордовый","Джемы, сиропы, мармелад, кондитерские изделия, соки, напитки красного цвета (и сложных цветов: зеленого, коричневого, фиолетового)","Аллергическая сыпь, опасен для людей с астмой и аллергией на аспирин. Канцероген"
е123,амарант,"Очень высокая, запрещен в Европе, России, США","Красно-коричневый, красно-синий, красно-фиолетовый","Бисквит, безалкогольные напитки, сухие завтраки, желе","Вызывает аллергический насморк и крапивницу, негативно влияет на почки, печень, нельзя людям с аллергией на аспирин. Канцероген, вызывает пороки развития плода"
е124,понсо 4r,"Высокая, запрещен в РФ и Украине, в Европе используется с осторожностью",Пунцовый,"Напитки, мороженое, пудинги, десерты, фруктовые консервы, рыбная и мясная продукция, молочные продукты, творожные изделия, заправки для салатов","Канцероген, сильный аллерген, может вызвать анафилактический шок, удушье, не подходит людям с непереносимостью аспирина"
е126,понсо 6r,"Очень высокая, запрещен в большинстве стран",Красный,"Колбаса, рыба, морепродукты, консервированные овощи и фрукты, газировки, безалкогольные напитки",Канцероген
е127,эритрозин,"Опасен, запрещен",Голубовато-розовый,"Консервы фруктовые, печенье, бисквиты, сосиски (оболочка)","Канцероген, вредное воздействие на сердце, печень, щитовидку, пищеварение, нельзя астматикам"
е128,красный 2g,"Очень опасный, запрещен в РФ",Красные оттенки,"Сосиски, колбасы, мясная продукция","Вызывает онкологию, неправильное развитие плода, токсичное вещество для генома плода"
е129,красный очаровательный ас,"Опасный, запрещен в 9 странах Европы, разрешен в РФ и Украине",Темно-красный,"Полуфабрикаты, кексы, бисквиты, смеси сухих завтраков, желе, напитки","Аллерген, канцероген"
е131,синий патентованный v,"Высокая, запрещен в США, Норвегии, Австралии, разрешен в РФ, Украине",Голубовато-фиолетовый,"Мясной фарш, колбасные изделия, некоторые напитки","Вызывает расстройства пищеварения, аллергии, крапивницу, астму, гиперактивность, рост опухолей"
е132,индигокармин,"Опасный, разрешен в большинстве стран Европы",Синий (зависимо от кислотности среды меняет цвет от синего до желтого),"Безалкогольные напитки в стеклянных бутылках, мороженое, печенье, кондитерские изделия, сладости","Канцероген, вызывает тошноту, проблемы с сердцем, удушье у астматиков, аллергии, не рекомендуют детям"
е133,синий блестящий fcf,"Опасный, запрещен в Бельгии, Франции, Дании, Норвегии, Германии и других странах, в России и Украине разрешен",Красно-синий (в сочетании с другими для получения сложного цвета),"Мороженое, желе, десерты, сладости, безалкогольные напитки, молочные продукты, сухие завтраки","Удушье у астматиков, аллергии, рост опухолей"
е134,быстрый зеленый,Очень высокая,Бирюзовый,"Применяют в гистологии, микробиологии, косметологии",Вызывает злокачественные образования в мочевом пузыре
е140,хлорофилл,"Очень низкая, разрешен в большинстве стран",Зеленый,"Кремы, мороженое, десерты, соусы оливкового оттенка",Выводит токсины из организма
е141,хлорофилла медные комплексы,"Очень низкая, разрешен в большинстве стран",Изумрудно-зеленый,"Молочные продукты, мороженое, молочные десерты",Считается безопасным
е142,зеленый s,"Средняя, запрещен в Канаде, Японии, Норвегии, в РФ и Украине разрешен",Темно-зеленый,"Мятный соус, консервированный горошек, фрукты, мороженое, десерты, конфеты, кондитерские изделия, сухие супы, рыбный фарш, картофельные сухие закуски, горчица, икра, пряные закуски",Сильный аллерген
е150,сахарный колер (карамель),"Низкая, разрешен в большинстве стран","Светло-желтый, янтарный, темно-коричневый","Конфеты, кондитерские изделия, безалкогольные напитки, тесто, пиво, черный хлеб, чипсы, булочки, кремы, десерты, шоколад, печенье",Аллерген
е152,уголь,"Опасен, запрещен в США, Австралии, Японии, некоторых странах Европы. разрешен в РФ, Украине",Коричнево-черный цвет,"Сыры, кондитерские изделия","Аллергия, удушье у астматиков, рост опухолей"
е153,уголь растительный,"Низкая, разрешен в большинстве стран",Черно-коричневые оттенки,"Кондитерские изделия, напитки",По некоторым источникам – канцероген
е160a,каротины,"Очень низкая, разрешен в большинстве стран",Оранжевый,"Напитки, соки, кондитерские изделия и другие продукты",Считается безвредным
е160b,аннато экстракты,"Очень низкая, разрешен в большинстве стран",От желтого до темно-оранжевого цвета,"Сыры (чеддер, глостер), молочные пасты, масло, маргарин, заварные кремы, приправы, хлебобулочные изделия, сухие завтраки, копченая рыба, чипсы","Редко вызывает пищевую аллергию, крапивницу, отеки. Польза для организма похожа на функции витамина Е, антиоксидант"
е160с,маслосмолы паприки,"Нулевая, разрешен в большинстве стран мира",Коричнево-оранжевый,"Окрашивает и восстанавливает цвет продуктов (от персикового до оранжево-красного) после готовки: плавленый сыр, чипсы, майонез, маргарин, спред, соусы, молочные десерты, апельсиновый сок, смеси специй, мясопродукты, конфеты",Нет фактов об отрицательном влиянии на организм
е160е,бета-апокаротиновый альдегид,"Копия натурального красителя каротина, разрешен в большинстве стран мира",Желто-оранжевая палитра цветов,Большинство сортов сыра,"Условно безопасное вещество, но вызывает аллергии, не советуют детям"
е161b,лютеин,"Нулевая, разрешен в России, в Украине не протестирован",Желтый (оттенок опадающих листьев),"Овощи и фрукты красно-желтого цвета, другие продукты того же оттенка","Улучшает зрение, полезно влияет на организм после инсульта, при ревматоидном артрите, полезен людям, проводящим много времени за компьютером"
е162,красный свекольный,"Нулевая, разрешен в большинстве стран мира",В зависимости от среды: от яркого красного до фиолетово-синего,"В замороженных, высушенных продуктах, с небольшим сроком хранения: мясо, колбасы, напитки, мороженое, десерты, джемы, леденцы, желе","Способствует усвоению белков, благотворно влияет на сосуды, печень, препятствует развитию раковых клеток, антиоксидант"
е163,антоцианы,"Нулевая, одобрен во многих странах",От красных до сине-фиолетовых оттенков,"Кондитерские изделия, напитки, йогурты","Укрепляет капилляры, благотворно влияет на глаза, противовоспалительное средство"
е164,шафран,"Очень низкая, во многих странах разрешен, в России не прошел тестирование",Оранжевый,"Мясные, рыбные, овощные продукты, десерты, кондитерские изделия, безалкогольные напитки","Высокие лечебные свойства, вырабатывает гормон радости, благотворно влияет на кровеносную систему, почки, печень, органы дыхания, пищеварительную систему, мозг, повышает потенцию, снимает судороги. Но в больших количествах вызывает сильное отравление"
е166,сандаловое дерево,Запрещен,Ярко-красный,"Применяется для окрашивания мебели, тканей. Используется в иконописи",Губительно влияет на органы внутренней секреции
е170,карбонат кальция,"Очень низкая, разрешен в большинстве стран",Белый,"Детские консервы, шоколад, сыры твердых сортов, концентрат молока и сливок","Благотворное влияние на кровеносную систему, внутриклеточные процессы, передозировка вызывает гиперкальциемию"
е171,диоксид титана,"Опасен, разрешен во многих странах",Белый,"Сухое молоко, быстрые завтраки","Повышает вероятность развития раковых образований, может вызвать болезни почек и печени, но в пище считается безвредным"
е172,оксид железа,"Средняя, разрешен во многих странах","Желтый, оранжевый, красный, коричневый, черный","Продукты красного, желтого, черного цвета (шоколад, искусственная икра, пирожки, леденцы)","В больших дозах ускоряет выработку свободных радикалов, провоцирует сердечные приступы, инсульты, рак печени"
е173,алюминий,"Средняя, запрещен в России, Украине, Австралии и ряде других стран",Серебристый блестящий,"Внешнее оформление кондитерских изделий, тортов","Токсичный, вреден людям с больными почками, может вызвать нарушение в структуре костей"
е174,серебро,"Очень низкая, разрешен в РФ",Серебристый,Внешнее оформление некоторых кондитерских изделий,"Может вызывать аллергию, при длительном употреблении негативно влияет на почки, вызывает головные боли, усталость, расстройства нервной и пищеварительной систем"
е175,золото,"Низкая, разрешен в большинстве стран",Золотисто-желтый,"Используется редко в эксклюзивных продуктах (конфеты – внешняя оболочка, напитки)","В малых дозах безвреден, но может накапливаться в почках, печени"
е181,танины пищевые,"Низкая, разрешен в РФ, Украине",Светло-желтый,"Конфеты, выпечка","Укрепляет сосуды, но может вызвать нарушение работы ЖКТ, почек"
е200,сорбиновая кислота,"Очень низкая, разрешен в России, Украине и других странах",Увеличивает срок хранение продукта,"Соки и безалкогольные напитки, зернистая икра, колбасы, сгущенное молоко, хлебобулочные изделия","Безопасный для человека, антимикробное вещество, не токсично, не канцерогенно. Благотворно влияет на организм"
е202,сорбат калия,"Очень низкая, разрешен во многих странах",Останавливает рост плесневых грибов,"Маргарин, майонез, колбасы, копчености, соки и безалкогольные напитки, вино, кондитерские и шоколадные изделия, пряные и кислые соусы восточной кухни, консервированные овощи","Аллергенность низкая, не является канцерогеном и мутагеном"
е209,пара-гидроксибензойной кислоты гептиловый эфир,"Опасен, запрещен в РФ",Консервант,Пиво,"Крапивница, приступы астмы, анафилактический шок, дерматит"
е210,бензойная кислота,"Средняя, разрешен в РФ","Антимикробное, антигрибковое действие, угнетающе действует на некоторые бактерии, плесень, дрожжи","Соусы, кетчупы, супы, пюре, желе, мармелад, мясные и рыбные изделия, напитки (алкогольные и безалкогольные), консервированные фрукты и овощи",С аскорбиновой кислотой образовывает в организме канцероген. Отрицательное влияние на почки и печень
е211,бензоат натрия,"Высокая, разрешен в РФ, Украине, других странах",Подавляет ферментативную активность дрожжевых культур и плесневого грибка,"Мясная, рыбная продукция, газировки, кетчупы, маргарины, майонезы, соевый соус, пресервы, плодово-ягодная продукция, безалкогольные напитки и спиртное (спирта менее 15%), мармелад","Сильный канцероген (в реакции с витамином С), повреждает митохондрии, вызывает цирроз печени, болезнь Паркинсона, аллергическую крапивницу, приступы астмы"
е213,бензоат кальция,"Опасен, запрещен в РФ",Консервант,"Безалкогольные напитки, пюре, соусы, мороженое, рыба, жевательные резинки",Злокачественные опухоли
е214,этилпарабен,"Запрещен, запрещен в РФ",Консервант,"Молочные десерты, кондитерские наполнители",Канцерогенный эффект
е215,пара-гидроксибензойной кислоты этилового эфира натриевая соль,"Опасен, запрещен в РФ",Консервант,"Джемы, желе, конфитюры, повидло, сухие завтраки, кондитерские изделия с сахаром, вяленое мясо",Рост опухолей
е216,пара-оксибензойной кислоты пропиловый эфир,"Высокая, запрещен в РФ, Украине и ряде других стран как малоизучен","Антимикробное воздействие, угнетает рост бактерий, плесени, грибков","Конфеты, шоколад, паштеты, супы","Увеличивает риск раковых заболеваний, аллергических реакций"
е217,пара-оксибензойной кислоты пропиловый эфир,"Высокая, запрещен во многих странах, в том числе РФ, Украине",Консервант,"Мясные консервы, кондитерские изделия, супы","Вызывает головные боли, расстройство пищеварения, аллерген, противопоказан астматикам, отрицательное влияние на нервную и сосудистую системы, канцероген"
е218,пара-оксибензойной кислоты метиловый эфир,"Низкий, разрешен во многих странах, в Украине запрещен как не прошедший тестирование",Антимикробное действие,"Мясные продукты, кондитерские изделия","В больших дозах вызывает зуд, покраснение кожи, негативно влияет на молочные железы"
е219,пара-гидроксибензойной кислоты метилового эфира натриевая соль,"Запрещен, запрещен в РФ","Стерилизирующая добавка, убивает грибы, бактерии","Джемы, мясо, супы быстрого приготовления",Ускоряет развитие злокачественных образований
е220,диоксид серы,"Опасен, разрешен в РФ и Украине как безопасный при соблюдении норм, в США запрещен","Консервант, отбеливатель, стабилизатор цвета","Защищает овощи от потемнения и гниения, есть практически во всех цитрусовых, сухофруктах, содержится в вине","Очень токсичен, вызывает рвоту, отек легких"
е221,сульфит натрия,"Опасен, разрешен в странах ЕС, РФ, Украине",Замедляет потемнение фруктов и овощей,"Овощи и фрукты в разных видах, безалкогольные напитки, пиво, вино, колбасы, рыба, моллюски","Болезни ЖКТ, запрещен детям"
е222,гидросульфит натрия,"Высокая, в Европе принадлежит к числу опасных веществ, в РФ и Украине разрешен","Угнетает рост бактерий, микроорганизмов, обладает отбеливающим свойством","Вина, консервированные фрукты","Вызывает аллергию, нарушение работы ЖКТ, известны летальные случаи"
е223,пиросульфит натрия,"Опасен, разрешен в РФ, Украине",Препятствует размножению бактерий,"Напитки (соки, пиво, вино), изюм, крахмал, томатное, фруктовое, картофельное пюре, зефир, мармелад, джем","При нагревании выделяет токсический газ, вызывающий аллергии и приступы астмы, нарушает работу пищеварения"
е224,пиросульфит калия,"Опасен, разрешен в России и Украине, во многих странах запрещен","Антиоксидант, останавливает процессы брожения","Вино (сохраняет вкус и цвет), пиво, сухофрукты, некоторые виды кондитерских изделий",Опасен для астматиков
е225,сульфит калия,"Средняя, в России разрешен, в Украине – нет",Консервант и антиоксидант,"Вино, пиво, соки, безалкогольные напитки, уксус, сухофрукты, продукты из картофеля","Вреден для органов пищеварения, разрушает витамины B1 и B12, аллерген, запрещен астматикам"
е226,сульфит кальция,"Средняя, разрешен в РФ, в Украине не прошел исследований","Предотвращает потемнение, уплотняет ткани овощей и фруктов при консервировании","Желе, мармелад, повидло (с небольшим содержанием сахара), сухофрукты, полуфабрикаты, вино, пиво фруктовые соки, безалкогольные напитки, мороженное, морепродукты","Расстройство желудка, почек, приступы астмы, аллерген"
е227,гидросульфит кальция,"Средняя, разрешен в России, не прошел исследования в Украине",Консервант,"Продукты из картофеля, восстановленные фрукты в стеклянной таре, горчица, маринады, масло, уксус, кондитерские изделия, безалкогольные напитки, сухофрукты","Разрушает В1 в организме, негативно сказывается на работе почек, легких, печени, желудка"
е228,гидросульфит (бисульфит) калия,"Опасен, запрещен в России",Консервант,"Грибы, крахмалистые продукты, сахаристые продукты, фруктовые и овощные полуфабрикаты","Вызывает астму, нарушение психики, раздражение слизистых оболочек и кожи"
е230,дифенил,"Средняя, разрешен в России, запрещен в Украине","Предотвращает рост грибков, плесени","Наносят на кожуру фруктов, преимущественно цитрусовых (чтоб сохранить красивый вид)","Аллергические реакции, рвота, тошнота, опасен для почек, печени, сердечно-сосудистой и нервной систем, вызывает кожные реакции"
е231,ортофенилфенол,"Опасен, разрешен в РФ, запрещен в Украине","Предотвращает размножение бактерий, грибков на фруктах и овощах",Цитрусовые и другие фрукты,Влияние на человека малоизучено
е232,орто-фенилфенола натриевая соль,"Опасен, разрешен в РФ, запрещен в Украине",Обрабатывают поверхность фруктов и овощей при перевозке,"Фрукты, овощи","Раздражает слизистые, малоизучен"
е233,тиабендазол,"Опасен, запрещен в РФ",Защищает цитрусовые от гниения,Кожура цитрусов,"Тошнота, рвота, диарея, сыпь, пожелтение глаз и кожи"
е234,низин,"Средняя, разрешен во многих странах","Угнетает бактерии и рост спор, ускоряющих порчу продуктов после тепловой обработки","Сыры, мясные и овощные консервы, молочные продукты, грибы, масла, сгущенка, кондитерские изделия, вино, оболочка для колбас и сыра",Убивает полезные бактерии в организме
е235,пимарицин,"Низкая, во многих странах запрещен, в России и Украине разрешен","Противогрибковый агент, антибиотик","Молочная продукция, мясо, кондитерские изделия, оболочка сыров и колбас","В высокой концентрации вызывает тошноту, рвоту, диарею, убивает полезные бактерии и микроорганизмы"
е236,муравьиная кислота,"Низкая, разрешен в РФ, Украине",Антибактериальное вещество,"Безалкогольные напитки, консервированные овощи, некоторые кондитерские изделия","В концентрированном виде опасна для кожи, зрения, пищеварительной системы, вызывает мутацию генов"
е237,формиат натрия,"Опасен, запрещен в РФ",Останавливает размножение бактерий и грибков,"Безалкогольные напитки, рыбные маринады, маринованные овощи",Негативно сказывается на верхних дыхательных путях
е238,формиат кальция,"Опасен, запрещен в РФ","Стерилизует продукты, убивает грибки и бактерии","Безалкогольные напитки, квашеные овощи",Регулярное употребление влияет на все системы
е239,гексаметилентетрамин,"Опасен, запрещен в ряде стран, в Украине разрешен","Антисептик, замедляет размножение микроорганизмов","Красная икра, сыры","Канцероген, аллерген"
е240,формальдегид,Запрещен,"Консервант, антисептик",Запрещен почти во всех странах,"Рост опухолей, испарения газа смертельны"
е241,гваяковая смола,Опасен,Консервант,Запрещен в России,Крайне негативно влияет на пищеварительные органы
е242,диметилдикарбонат,"Опасен, разрешен в странах ЕС, России, Украине",Консервант,"Вино, безалкогольные напитки, прохладительные напитки, холодные чаи","Вызывает раздражение на коже, в организме превращается в канцероген"
е249,нитрит калия,"Опасен, разрешен в России, Украине","Консервант, краситель","Мясо, рыба",Развитие рака
е250,нитрит натрия,"Средняя, с осторожностью используется в Евросоюзе, разрешен в РФ и Украине","Фиксатор цвета, защищает продукт от окисления и влияния бактерий","Мясные, рыбные продукты","Токсичный, в больших дозах смертельный, понижает давление, снижает тонус"
е251,нитрат натрия,"Средняя, разрешен в ЕС, РФ, Украине",Продлевает срок годности и цвет переработанного мяса,"Колбасы, копченая рыба, шпроты, твердые сыры","Мигрень, нарушения в работе нервной системы, органов ЖКТ, иммунной системы, дыхательных органов, возможен рост раковых клеток, влияет на артериальное давление"
е252,нитрат калия,"Средняя, во многих странах запрещен, в Украине и РФ разрешен","Замедляет вспучивание в сырах, снижает активность микробов","Разные сорта сыров, мясная и рыбная продукция","В больших дозах опасен для почек, вызывает приступы астмы, головные боли, подавляет кислород в крови, снижает мужскую потенцию"
е260,уксусная кислота,"Очень низкая, разрешен во всех странах",Регулятор кислотности,"Кондитерские изделия, консервированные овощи, майонез","Расщепляет жиры и углеводы в организме, но опасен в концентрации от 30% – вызывает ожоги"
е262,ацетаты натрия,"Очень низкая, в большинстве стран разрешен","Регулятор кислотности, консервант, ароматизатор","Консервированные овощи и фрукты, хлебобулочная продукция, чипсы",Не подходит людям с аллергией на уксус
е270,молочная кислота,"Нулевая, разрешен во многих странах","Антисептик, препятствует брожению продуктов","Сыры, йогурты, кефир, майонез, кисломолочная продукция, безалкогольные напитки, кондитерские изделия","Синтезируется в организме, поставляет энергию для мозга и мышц, избыток выводится через почки"
е280,пропионовая кислота,"Очень низкая, разрешен в РФ, в Украине запрещен",Консервант,Хлебобулочные изделия,"Не токсичен, но в концентрированном виде вызывает ожоги, раны и язвы"
е290,диоксид углерода,"Очень низкая, разрешен практически во всех странах мира","Регулятор кислотности, антиоксидант, консервант с обеззараживающими и антимикробными свойствами, разрыхлитель (в выпечке)","Алкогольные и безалкогольные напитки, хлебобулочные изделия","Относительно безвредное вещество, но чрезмерное употребление противопоказано при болезнях ЖКТ, вызывает вздутие живота"
е296,яблочная кислота,"Очень низкая, разрешен в РФ и Украине","Регулятор кислотности, вкусовая добавка","Вино, фруктовые воды, кондитерские изделия",Участвует в обмене веществ
е297,фумаровая кислота,"Очень низкая, разрешен в большинстве стран, в Украине не входит в список позволенных",Регулятор кислотности,"Напитки, леденцы, выпечка консервированные фрукты, цитрусовый мармелад, кондитерские изделия, порошкообразные смеси напитков, жевательные резинки, желе",Человеческий организм способен синтезировать фумаровую кислоту самостоятельно
е300,аскорбиновая кислота,Очень низкая,"Препятствует окислению продуктов, изменению их цвета","Мясные, рыбные, кондитерские, консервные изделия","Благотворно влияет на костную и соединительную ткани, антиоксидант, коэнзим метаболических процессов, иммуномодулятор, переизбыток – диарея, аллергии, раздражение мочевого тракта"
е301,аскорбат натрия,Нулевая,"Антиоксидант, регулятор кислотности","Мясные изделия, колбасы, хлебобулочные изделия, майонез, маргарин","Предотвращает инфекционные, кардиологические болезни, атеросклероз, противораковое средство"
е304,аскорбилпальмитат,Безопасен,Предотвращает появление горького привкуса и быстрой порчи,"Детское питание, сухое молоко, жиры",Не рекомендуется людям с болезнями почек и мочевого пузыря
е306,токоферолы,Безопасен,"Антиокислитель, продлевает срок хранения продуктов","Масло, молоко, куриные яйца, зелень",Влияет на организм как витамин Е
е307,альфа-токоферол,Нулевая,"Антиокислитель, защищает продукт от потери окраски","Масло (сливочное, растительное), молоко, яйца, печень, мясо, зелень, злаки","Защищает от токсинов, участвует в метаболизме белков, замедляет старение, важен для кровеносной системы, кожи, женского организма"
е308,гамма-токоферол синтетический,Безопасен,Антиокислитель,"Масло, молоко, яйца",Благотворно влияет на организм
е309,дельта-токоферол синтетический,Безопасен,Антиокислитель,"Маргарины, спреды, хлебобулочные изделия, майонезы, сухие молочные смеси",Полезен для организма
е310,пропилгаллат,Низкая,Антиоксидант и регулятор кислотности,"Майонезы, жиры для жарки, соусы, концентраты супов, жевательные резинки","Запрещен детям, провоцирует астму, воспаления желудка, высыпания на коже"
е316,изоаскорбат натрия,Низкая,"Замедляет процессы оксиления, подкислитель, стабилизирует окраску продуктов, продлевает срок годности в несколько раз, сохраняет свежий вид и запах продуктов, предотвращает формирование в пище канцерогенных нитрозаминов","Кондитерские, хлебобулочные изделия, масло, мясо, колбасы, пиво, соусы, безалкогольные напитки, предотвращает потемнение овощей и фруктов",Ведутся исследования на мутагенное воздействие на организм
е320,бутилгидроксианизол,Высокая,"Ингибирует процессы окисления, обладает свойствами консерванта","Жиросодержащие продукты, кондитерские изделия, мясо, входит в состав концентратов, полуфабрикатов, жевательных резинок, конфет","Есть предположение, что является канцерогеном, обладает мутагенными способностями"
е321,бутилгидрокситолуол,Опасен,"Замедляет окислительные процессы, обладает антивирусными свойствами","Сухари, изюм, жир для жарки, жевательные резинки","Гиперактивность у детей, канцероген, увеличивает риск развития рака"
е322,лецитин,Очень низкая,"Антиокислитель, эмульгатор","Маргарины, молочная продукция, хлебобулочные изделия, шоколад, глазури","Восстанавливает поврежденные клетки в организме, важен для нервной системы, переизбыток вызывает аллергии"
е325,лактат натрия,Низкая,"Регулятор кислотности, эмульгатор, консервант. Улучшает вкус, вид и консистенцию продуктов, обладает антибактериальными свойствами, замедляет процессы гниения, препятствует размножению бактерий, замедляет высыхание продуктов","Хлебобулочные изделия, мясопродукты в вакуумных упаковках, кремы, ликеры, рассолы",Запрещен детям
е327,лактат кальция,Нулевая,"Улучшает качество муки, регулятор кислотности, антибактериальное вещество","Кондитерские изделия, чипсы, консервы, фруктовые соки, напитки содержащие кальций, мясные изделия",Считается безопасным для человека
е330,лимонная кислота,Очень низкая,"Регулирует кислотность, усиливает вкус, консервант","Напитки, кондитерские, хлебобулочные изделия","Раздражает слизистые, может вызвать рвоту с кровью, повредить зубную эмаль"
е331,цитрат натрия,Очень низкая,"«Кислая соль» улучшает вкус продуктов, регулирует кислотность блюд","Газировки, мармелад, плавленые сыры, йогурты, сухое молоко, детское питание, кисломолочные продукты","Снимает изжогу и похмельный синдром, в больших дозах вызывает тошноту, повышенное давление, боли в животе"
е332,цитраты калия,Низкая,"Регулятор кислотности, стабилизатор окраски, эмульгатор","Желейные конфеты, десерты, джемы, варенья, плавленые сыры, сливки, консервы, полуфабрикаты из мяса, морепродукты",Негативное влияния на человека не выявлено
е333,цитраты кальция,Нулевая,"Регулирует кислотность, фиксирует окраску, стабилизатор, консервант","Сгущенное молоко, кисломолочные продукты, сухие сливки, плавленый сыр, джемы, фруктовые консервы, хлебобулочные изделия","Источник кальция, потенциально защищает от развития рака, выводит тяжелые металлы"
е334,винная кислота,Средняя,"Регулирует кислотность, антиоксидант","Консервы, джемы, желе, кондитерские изделия, вино, напитки","Токсин, в больших дозах вызывает паралич и смерть"
е336,тартрат калия,Очень низкая,"Антиоксидант, регулятор кислотности, эмульгатор, стабилизирует окраску продуктов, усиливает действие антиоксидантов","Соки, вина, желе, джемы, мармелад, хлебобулочные изделия, супы",Предотвращает старение
е338,ортофосфорная кислота,Средняя,Придает продуктам кисло-горький вкус,Газированные напитки,"Безопасна, но иногда вызывает снижение плотности костной ткани, растворяет зубную эмаль"
е339,фосфаты натрия,Низкая,"Регулирует кислотность, влагоудерживающее и стабилизирующее средство, эмульгатор, фиксирует цвет продукта, усиливает действие антиоксидантов","Хлебобулочные изделия, безалкогольные напитки, молочные продукты, супы, бульоны, соусы, чай, сыры, мясная и рыбная продукция, продукты быстрого приготовления","Нарушает работу кишечника, обладает слабительным эффектом"
е340,фосфаты калия,Очень низкая,"Регулирует кислотность, эмульгатор, стабилизатор, удерживает влагу в продуктах, фиксирует цвет, усиливает свойства антиоксидантов","Хлебобулочная продукция, кондитерские изделия, безалкогольные напитки, молочные продукты, плавленые сыры, растворимый кофе, усиливает зеленый оттенок овощей после термической обработки","Участвует в ферментативных и метаболических процессах в организме, поддерживает кислотно-щелочной баланс, защищает от кариеса, но при переизбытке вызывает диарею"
е341,фосфат кальция,Очень низкая,"Регулятор кислотности, разрыхлитель, фиксатор цвета, стабилизатор, эмульгатор","Плавленые сыры, сухое молоко, сливки, сгущенка, фруктовые и овощные консервы, мороженое, рыбный и мясной фарш, ликеры, чаи, полуфабрикаты",При передозировке вызывает расстройство желудка
е341ii,ортофосфат кальция 2-замещенный,Опасен,"Регулятор кислотности, разрыхлитель, стабилизатор","Плавленые сыры, сливки, молоко, сгущенка, консервы, хлебобулочные изделия","Вызывает рак, болезни ЖКТ, повышает холестерин"
е350,малаты натрия,Очень низкая,Регулирует кислотность,"Молочные напитки, сыры, десерты, сухофрукты, овощи, рыбные консервы, пресервы, алкогольные напитки",Нет подтверждений о негативном влиянии на организм
е353,мета-винная кислота,Средняя,Регулятор кислотности,Вино,Практически полностью выводится из организма в неизмененном виде
е363,янтарная кислота,Нулевая,Антиокислитель,"Вино, пиво","Участвует в клеточном дыхании, противораковые свойства, укрепляет иммунитет, нейтрализует яды, защищает нервную систему, противовоспалительное, но может вызывать раздражение кожи"
е375,никотиновая кислота (аналог витамина рр),Низкая,Стабилизирует окраску,"Консервы, энергетические напитки, детское питание",Положительно влияет на организм
е385,этилендиаминтетраацетат кальция нитрат,Низкая,Предотвращает окисление металлов и изменение цвета,"Майонез, консервированные продукты, безалкогольные напитки","Низкая токсичность, очищает организм от тяжелых металлов"
е401,альгинат натрия,Нулевая,"Стабилизатор, обладающий желирующими свойствами","Мармелад, конфеты, желе, джемы, безалкогольные напитки (мутные), соки (светлые), майонезы, соусы, студни, концентраты пищевые",Безопасный для организма
е404,альгинат кальция,Не безопасен,Улучшает консистенцию и вязкость продукта,Фруктовые желе,Не рекомендуется детям
е405,пропиленгликольальгинат,Средняя,"Стабилизатор, придающий нужную консистенцию продукту",Ароматизированные напитки,Противопоказан людям с непереносимостью альгинатов
е406,агар,Нулевая,"Загуститель, желеобразующее вещество, стабилизатор (в некоторых странах используют вместо желатина)","Зефиры, суфле, мармелады, джемы, конфитюры, начинка для конфет, суфле, фруктовые консервы, осветленные напитки, пиво, мясные и рыбные консервы, продукты для диабетиков, мороженое, сгущенка, майонез, хлебобулочные изделия",Безопасен для организма
е407,карраген,Нулевая,Загуститель и эмульгатор,"Молочные продукты, коктейли, мороженое, кондитерские изделия, колбасы (увеличивает в объеме)","Антивирусное, антираковое, противоязвенное вещество, есть в детском питании и диетических продуктах"
е407а,каррагинан и его соли,Низкая,Придает вязкость продуктам,"Мясные, рыбные, молочные продукты, мармелад, фруктово-ягодные наполнители",Редкие случаи негативного влияния на работу ЖКТ
е410,камедь рожкового дерева,Нулевая,"Стабилизатор, желирующее вещество, с большой вязкостью","Мороженое, молочные продукты, плавленые сыры, консервы из овощей и фруктов","Выводится из организма в неизмененном виде, есть в детском питании"
е412,гуаровая камедь,Нулевая,"Загуститель, стабилизатор, структуратор, придает упругость и плотность продуктам, увеличивает их срок годности","Сыры, мясо, молочные продукты, джемы, замороженные десерты, приправы, кетчупы, сухие супы, рыбные консервы, масла, соки","Безвредный, не всасывается организмом, выводит токсины из кишечника, способствует усвояемости кальция, в больших количествах может блокировать пищевод"
е413,трагакант камедь,Безопасен,Сохраняет вязкость,"Молочная, рыбная, мясная продукция, мармелад, желе","Не является аллергеном, но может вызвать раздражение кожи"
е414,гуммиарабик,Нулевая,"Удерживает влагу в продуктах, регулирует точку замерзания, улучшает структуру продукта, эмульгатор, стабилизатор, образовывает пленку, предотвращает засахаривание","Печенье, конфеты, пастила, глазурь, йогурты, мороженое, сливки, кремы, разные виды газированных напитков","Не всасывается кишечником, позволен детям"
е415,ксантановая камедь,Нулевая,"Увеличивает вязкость, сохраняет жидкость в продуктах","Соусы, салаты, хлебобулочные изделия, майонезы",При частом употреблении вызывает метеоризм
е417,тары камедь,Очень низкая,"Стабилизатор, эмульгатор, загуститель","Мороженое, молочные десерты",В адекватных дозах не несет вред организму
е420,сорбит,Низкая,"Используют как подсластитель, эмульгатор, улучшает текстуру продуктов, позволяет долго сохранять свежесть пищи, удерживает влагу","Продукты для диабетиков, торты, кондитерские изделия","Действует как слабительное, в больших количествах вызывает боли в животе, избыток газов в кишечнике,"
е421,маннит,Низкая,"Подсластитель, препятствует образованию комков",Жевательные резинки,"Повышает осмотическое давление, запрещен людям с больными почками, может вызвать обезвоживание"
е422,глицерин,Очень низкая,"Сохраняет влагу, увеличивает вязкость","Кондитерские изделия, некоторые алкогольные напитки, изделия из шоколада, пирожные",Может привести к обезвоживанию организма
е433,полиоксиэтилен (20) сорбитан моноолеат,Средняя,Эмульгатор,"Жевательные резинки, сливочное масло, мороженое","Аллерген, может быть причиной болезни Крона"
е435,полиоксиэтилен (20) сорбитан моностеарат,Высокая,Сохраняет консистенцию и вязкость,"Жиры, маргарины, сливки, мороженое, выпечка",Безопасная норма для употребления определяется индивидуально
е440,пектины,Нулевая,"Гелеобразователь, удерживает влагу, сгущает продукты","Мармелад, конфеты, фруктово-желейные начинки, майонез, зефир, мороженое","Поступает в организм с фруктами, снижает холестерин, выводит тяжелые металлы и радиоактивные вещества"
е442,аммонийные соли фосфатидиловой кислоты,Опасная,Влияет на консистенцию продукта,"Хлебобулочные изделия, вина",Вызывает болезни желудка и нарушение обмена веществ
е444,сахарозы ацетат изобутират,Средняя,"Загуститель, замутнитель напитков","Желеобразные продукты, мармелад, пудинги, зефир, мороженое, имитация икры, сыры, жевательные резинки",Обостряет болезни пищеварительной системы
е445,эфиры глицерина и смоляных кислот,Очень низкая,"Стабилизатор, эмульгатор, придает однородность продуктам","Жевательные резинки, кожура свежих фруктов",Канцерогенными свойствами не обладает
е450,пирофосфаты,Средняя,"Увеличивает объемы готового продукта, улучшает консистенцию, фиксирует цвет, замедляет окислительные процессы","Мясные продукты, консервы, плавленые сыры, некоторые молочные продукты","Чрезмерное употребление вызывает расстройство желудка, ухудшает усвоение кальция, повышает фосфор в организме"
е450і,дигидропирофосфат натрия,Средняя,"Сохраняет цвет продукта после стерилизации, источник кислоты, удерживает жидкость","Бисквиты, пирожные, рыбные консервы, хлебобулочные изделия, полуфабрикаты из картофеля","Аллерген, вызывает отеки, зуд, пузырьки на коже"
е451,трифосфаты,Средняя,"Регулирует кислотность, текстуру продукта, эмульгирует жиры, фиксирует окраску, антиоксидант","Пастеризованное молоко, мороженое, сыры, рыбный фарш, сиропы, глазурь, маргарин, кондитерские изделия, морепродукты, морская рыба, выпечка","Ухудшение усвоения кальция, способствует остеопорозу, расстройству желудка"
е452,полифосфаты,Низкая,"Эмульгатор, катализатор, стабилизатор","Сгущенное молоко, мясные и рыбные консервы",Малотоксичный
е459,бета-циклодекстрин,Низкая,"Сохраняет свойства ароматизаторов, витаминов, пряностей",Жевательные резинки (поглощает неприятный запах),Признан безопасным
е466,карбоксиметилцеллюлоза,Средняя,"Загуститель, регулирует консистенцию","Десерты, кремы, творожные массы, майонезы, рыба, мясо","Повышает холестерин, провоцирует развитие раковых клеток (не доказано)"
е469,карбоксиметилцеллюлоза ферментетивно гидрализованная,Низкая,Регулирует консистенцию продуктов,"Кондитерские изделия, оболочка для рыбных и мясных продуктов, майонезы, изделия из творога","Не аллерген, но не подходит людям с нарушениями метаболизма"
е470,жирные кислоты,Средняя,"Препятствует слеживанию и комкованию,","Кондитерские изделия, БАДы",Вызывает нарушения в работе пищеварительной системы
е470b,магниевые соли жирных кислот,Средняя,Улучшает сыпучесть порошковых продуктов,"Сахарная пудра, разрыхлители пекарские, сухие супы",Вредное влияние на организм при частом употреблении
е471,моно- и диглицериды жирных кислот,Низкая,"Стабилизатор, эмульгатор, используют для смешивания несмешиваемых в природе веществ","Молочные, жирные продукты (маргарины, йогурты, майонезы)",Повышают холестерин
е472,эфиры и глицериды кислот,Очень низкая,"Эмульгатор, загуститель",Разные виды продуктов,Нет вредных влияний
е472е,глицерина и диацетилвинной и жирных кислот эфиры,Очень низкая,"Придает продуктам пластичность, однородность, вязкость","Тесто (твердые сорта хлеба, печенье), растворимый кофе, мороженое",Не является токсичным веществом
е472b,глицерина и молочной и жирной кислот эфиры,Очень низкая,Стабилизирует консистенцию,"Маргарин, тесто, десерты, мороженое, соусы, сухие сливки","Не токсичен, но может негативно повлиять на работу печени и желчевыводящих путей"
е472с,глицерина и лимонной кислоты и жирных кислот эфиры,Очень низкая,Стабилизатор,"Десерты, мороженое, маргарины, тесто, соусы",Воздержаться от употребления людям с больной печенью
е473,сахарозы и жирных кислот эфиры,Низкая,Применяют для обработки муки и в пищевых покрытиях (эмульгатор),"Сливки, молочные напитки, фруктово-ягодные наполнители, диетические продукты, сдобная выпечка, соусы, кожура фруктов",Эфиры сахарозы не вредны для человека
е475,эфиры полиглицеридов и жирных кислот,Очень низкая,"Стабилизатор и эмульгатор, придает продукту необходимую консистенцию","Молочные продукты, кондитерские изделия, мороженое, маргарины",Усваивается организмом по принципу других жиров
е476,полиглицерин,Низкая,Придает необходимую консистенцию какао-маслу,Шоколадные изделия,Негативно влияет на почки и печень (непроверенные данные)
е477,пропиленгликоля и жирных кислот эфиры,Высокая,"Стабилизатор, сохраняющий вязкость","Соусы, жиры, напитки","Увеличивает печень и почки, вызывает нарушение метаболизма"
е481,стеароил-2-лактилат натрия,Низкая,"Улучшает консистенцию теста, маргарина, соусов","Маргарины, десерты, мороженое, тесто, ликеры, сухие завтраки, рис быстрого приготовления",Плохо влияет на здоровье печени
е492,сорбитан тристеарат,Высокая,"Воскообразное вещество-текстуратор, загуститель","Хлебобулочные изделия, начинки, заменители молока","Вызывает раздражение слизистой, кожи, увеличение печени, фиброз"
е500,карбонаты натрия,Очень низкая,"Регулирует кислотность, препятствует слеживанию и образованию комков",Хлебобулочные изделия и другая выпечка,Не несет вреда для человеческого организма
е501,карбонаты калия (поташ),Высока,"Регулирует кислотность, стабилизатор","Безалкогольные напитки, выпечка","Вызывает приступы астмы, аллергии, экземы"
е503,карбонаты аммония,Низкая,Выполняет функцию дрожжей и соды,"Кондитерские изделия, хлеб","По некоторым данным, опасен для здоровья"
е504,карбонат магния,Низкая,"Антиокислитель, сохраняет цвет продуктов","Шоколад, какао, сливки, фруктовые консерванты, конфитюры","Не токсичен, но в больших количествах угнетает центральную нервную систему, нарушает работу сердца, легких"
е507,соляная кислота,Низкая,Регулирует кислотность продуктов,"Напитки (содовая), желатин","Агрессивная кислота, вызывает химические ожоги"
е508,хлорид калия,Очень низкая,"Предотвращает образование комков, желирующий агент","Сгущенка, сливки, сухое молоко, заменитель соли в диетических продуктах",Не обладает канцерогенными способностями
е509,хлорид кальция,Низкая,Отвердитель,"Творог, сыр, сухое молоко, мармелад, желе, овощные и фруктовые консервы, шоколад","В больших дозах вызывает раздражения кишечника, язвы"
е510,хлорид аммония,Средняя,Антиоксидант,Лакричные конфеты,В больших количествах опасен
е511,хлорид магния,Очень низкая,Отвердитель,"Тофу, детские смеси, безалкогольные напитки",Обладает полезными свойствами
е513,серная кислота,Очень высокая,Регулятор кислотности,"Сусло, некоторые напитки","Вызывает ожоги, повреждает слизистые оболочки и дыхательные пути"
е514,сульфат натрия,Высокая,Регулирует кислотность,В разных типах продуктов,"Обладает свойствами слабительного, вызывает нарушения в работе пищеварительной системы"
е515,сульфат калия,Очень низкая,Регулирует кислотность,"Дрожжи, разные овощи","Расстройство желудка, раздражение дыхательных путей"
е516,сульфат кальция,Очень низкая,"Эмульгатор, отвердитель, улучшает качество муки","Тофу, выпечка",Безопасен для употребления
е519,сульфат меди (ii),Запрещен,"Консервант, фиксирует цвет продуктов","Используют для фиксации окраски, а так же как выступает в роли консерванта",В больших дозах смертельно
е524,гидроксид натрия,Низкая,"Регулирует кислотность, размягчитель","Какао, шоколад, мороженое, безалкогольные напитки, карамель, выпечка, маслины",Может вызвать ожоги
е525,гидроксид калия,Низкая,Регулирует кислотность,"Какао-продукты, продукты из картофеля, детское питание",Химические ожоги
е526,гидроксид кальция,Низкая,"Загуститель, отвердитель, регулятор кислотности","Сливочное масло, замороженные продукты, вино, вяленая рыба",Антисептик
е527,гидроксид аммония,Средняя,Регулирует кислотность,"Какао-продукты, карамельные конфеты",Вредный для желудка и печени
е530,оксид магния,Очень низкая,"Разрыхлитель, предотвращающий образование комков и слеживание","Сухое молоко, продукты из какао и шоколада","Безопасен, но в больших дозах вызывает расстройство кишечника"
е535,ферроцианид натрия,Опасен,Антислеживающий агент,"Разные типы продуктов, вино",Точное влияние на организм не установлено
е536,ферроцианид калия,Средняя,Предотвращает образование комков,Колбасы (белый налет на оболочке),Токсичен
е539,тиосульфат натрия,Низкая,"Комплексообразователь, антиокислитель",Хлебобулочные изделия,"Антиоксидант, противовоспалительное средство"
е551,диоксид кремния,Очень низкая,"Предотвращает слеживание, образование комков","Пряности, упакованные фрукты, сыпучие продукты",Снижает риск развития болезни Альцгеймера
е558,бентонит,Низкая,Препятствует слеживанию и комкованию,Вино,"Не токсичен, не влияет на организм"
е559,алюмосиликаты,Низкая,Препятствует слеживанию и комкованию,"Пряности, сыпучие продукты, сыры, масло, вино",Не рекомендуется людям с хроническими болезнями ЖКТ
е570,жирные кислоты,Низкая,"Стабилизирует пену, пеногаситель","Кондитерские изделия, молочные продукты",Незаменимые для человека вещества
е575,глюконо-дельта-лактон,Низкая,"Загуститель, регулятор кислотности, стабилизирует консистенцию продукта, заменяет дрожжи, стабилизирует цвет","Белковые кремы, колбасы, выпечка, полуфабрикаты, соленья, рыба",Безопасен
е579,глюконат железа,Средняя,Стабилизирует окраску продукта,Оливки,"Может вызвать аллергию, головные боли, нарушения работы пищеварительной системы"
е585,лактат железа,Средняя,Стабилизирует цвет,Оливки черного цвета,"Тошнота, рвота, рахит, отек лица"
е621,глутамат натрия,Высокая,Усиливает вкус,"Бульонные кубики, приправы, соусы, консервированные полуфабрикаты, чипсы, сухарики","Систематическое употребление вызывает головные боли, тахикардию, боль в груди, слабость, покраснение кожи, губительно влияет на зрение и нервную систему"
е626,гуаниловая кислота,Высокая,Улучшает вкус,"Соусы, консервы, готовые закуски, супы быстрого приготовления","Вызывает расстройство пищеварения, повышение артериального давления, запрещена детям"
е627,двунатриевый гуанилат,Высокая,Консервант,"Колбасные изделия, мясо, супы быстрого приготовления, консервированные овощи, чипсы и другая закуска","Не рекомендуется детям, астматикам, людям с подагрой"
е631,инозинат натрия,Низкая,"Усиливает вкус, применяется только с глутаматом натрия","Приправы, продукты быстрого приготовления, чипсы","Негативное влияние на организм изучено не до конца, канцерогенность не доказана, детям не рекомендуется"
е634,5’-рибонуклеотиды кальция,Низкая,Усиливает вкус после термической обработки,"Чипсы, сухарики, консервы (рыбные, мясные, овощные)","Вызывает расстройства пищеварения, приступы удушья при астме, нельзя людям с подагрой и ревматизмом"
е635,5’-рибонуклеотиды натрия 2-замещенные,Опасен,Усиливает ароматические и вкусовые качества,"Чипсы, сухарики, крекер","Может вызвать болезни суставов, не рекомендуется людям с подагрой"
е636,мальтол,Опасен,"Вкусо-ароматическая добавка, ароматизатор, стабилизирует или изменяет вкус и запах продукта","Шоколад, эссенции, напитки без спирта, консервы овощные и фруктовые, хлебобулочные изделия, кофе, чай, какао, табак",Большинство стран отказались от его использования
е637,этилмальтол,Опасен,"Усиливает некоторые ароматы, стабилизатор запаха","Сладкие продукты, майонез, йогурт, мороженое, растворимые супы",Влияние на человеческий организм еще изучается
е640,глицин и его натриевая соль,Низкая,Оптимизирует вкус и аромат напитков,Напитки (чаще алкогольные),"Может вызвать аллергию, имеет ряд полезных для организма свойств"
е903,карнаубский воск,Нулевая,"Покрывают фрукты, чтоб не портились, глазуруют конфеты","Глазурь, жевательные резинки, фрукты",При чрезмерном употреблении вызывает нарушение пищеварения
е904,шеллак,Безопасен,Глазирующий агент,"Кожура фруктов, шоколад, жевательные резинки, конфеты, глазированные изделия",Не токсичен
е907,поли-1-децен гидрогенизированный,Низкая,Глазирующее вещество,"Сахаристые кондитерские изделия, сухофрукты, хлебобулочные изделия",Не выявлено опасного влияния на организм
е908,воск рисовых отрубей,Низкая,Глазирующее вещество,"Глазурь, жевательные резинки, кондитерские изделия, кожура фруктов","При регулярном употреблении вызывает тошноту, рвоту, диарею"
е913,ланолин,Низкая,"Обладает свойствами эмульгаторов, удерживает воду, создает предохранительное покрытие","Фрукты, овощи",В больших дозах плохо переваривается
е950,ацесульфам калия,Средняя,Подсластитель,"Газированные напитки, жевательные резинки, десерты с желатином, выпечка",Некоторые источники называют его канцерогеном
е951,аспартам,Опасный,Подсластитель (в 200 раз слаще сахара),"Безалкогольные напитки, жевательные резинки, леденцы, кондитерские изделия","Вызывает мигрень, аллергии, бессонницу, депрессивное состояние"
е952,цикламат натрия,Опасный,Подсластитель,"Низкокалорийные, горячие растворимые напитки, диабетические продукты",Повышает действие других канцерогенов
е953,изомальт,Низкая,"Подсластитель, подчеркивает натуральный вкус продуктов","Кондитерские изделия, мороженое, жевательные резинки, карамель, драже, шоколад","Признан безопасным для человека, подходит диабетикам"
е954,сахарин,Опасный,"Подсластитель, ароматизатор, сахарозаменитель",Сладкие и кисло-сладкие продукты,"Увеличивает вес, повышает уровень глюкозы, вызывает кариес, канцероген"
е955,сукралоза (трихлоргалактосахароза),Высокая,"Подсластитель, усилитель аромата и вкуса","Кондитерские изделия, молочные продукты, напитки, соусы, маринады","Увеличивает вес, снижает иммунитет, вызывает аллергию и раковые образования"
е957,тауматин,Безопасный,Подсластитель,"Мороженое, сухофрукты, жевательные резинки","Применяется в большинстве стран, разрешен диабетикам"
